,adm,country,link
0,99,Cameroon,http://data.humdata.org/dataset/b13f08ef-92ee-4446-9b0a-e219f5c25415/resource/4e6ad65c-c51e-43fd-8722-e4e37a023bda/download/CMR_adm0_1m.zip
0,99,Cameroon,http://data.humdata.org/dataset/b13f08ef-92ee-4446-9b0a-e219f5c25415/resource/20046324-ca41-4a5c-a010-d45ac356015a/download/CMR_ADMIN-1_SALB.ZIP
0,99,Cameroon,http://data.humdata.org/dataset/b13f08ef-92ee-4446-9b0a-e219f5c25415/resource/bf8b865f-8f17-405e-9e48-8ca25ddf9bd5/download/CMR-ADMIN-2_SALB.ZIP
0,99,Cote d'Ivoire,http://data.humdata.org/dataset/f1f0cfa1-afec-40a2-8390-a084e66a3377/resource/2e99a98d-9d02-4ca8-bc87-6578330a39b6/download/civ_admbnda_adm0_cntig_20160527.zip
0,99,Cote d'Ivoire,http://data.humdata.org/dataset/f1f0cfa1-afec-40a2-8390-a084e66a3377/resource/cc7b5423-0de1-41a4-b39b-4d4f75f890ab/download/civ_admbnda_adm1_cntig_20160527.zip
0,99,Cote d'Ivoire,http://data.humdata.org/dataset/f1f0cfa1-afec-40a2-8390-a084e66a3377/resource/66cfc1f8-0c96-4212-bb5c-b063ddf1be6a/download/civ_admbnda_adm2_cntig_20160527.zip
0,99,Cote d'Ivoire,http://data.humdata.org/dataset/f1f0cfa1-afec-40a2-8390-a084e66a3377/resource/7b723d78-13bd-419f-a5e5-577c9646b89f/download/civ_admbnda_adm3_cntig_20160527.zip
0,99,Haiti,http://data.humdata.org/dataset/777e8b06-337f-4295-80bc-ca1515244215/resource/365e497c-9ba6-4107-8012-a43e27195601/download/hti_admnbnda_adm0_CNIGS2013.zip
0,99,Haiti,http://data.humdata.org/dataset/777e8b06-337f-4295-80bc-ca1515244215/resource/61113b50-02c1-4288-8d45-f3aad32a5fae/download/hti_admnbnda_adm1_CNIGS2013.zip
0,99,Haiti,http://data.humdata.org/dataset/777e8b06-337f-4295-80bc-ca1515244215/resource/d80f2b3e-71b5-4705-8ff4-21f28e839fac/download/hti_admnbnda_adm2_CNIGS2013.zip
0,99,Haiti,http://data.humdata.org/dataset/777e8b06-337f-4295-80bc-ca1515244215/resource/2b277d37-b4c7-4dea-923c-6e65d3cfa1e2/download/hti_admnbnda_adm3_CNIGS2013.zip
0,99,Central African Republic,http://data.humdata.org/dataset/853bc4cc-55bb-4d00-8c63-a28fc1f130f5/resource/f96660ce-7e0a-4ea7-8673-11f4f107173e/download/Administratives-levels-4.zip
0,99,Libya,http://data.humdata.org/dataset/fd9fb749-5b68-4942-b5f9-115f20b5c00e/resource/132a6988-cb41-4b46-883f-ea53d94cf8bd/download/Lby_Adm0_Country.zip
0,99,Libya,http://data.humdata.org/dataset/fd9fb749-5b68-4942-b5f9-115f20b5c00e/resource/8b9ba98c-8d50-4c1c-bf37-8edde91bf33c/download/Lby_Adm1_Geodivision.zip
0,99,Libya,http://data.humdata.org/dataset/fd9fb749-5b68-4942-b5f9-115f20b5c00e/resource/c3a9343c-0181-4beb-9ce3-461823b0f5d7/download/Lby_Adm2_Mantika.zip
0,99,Libya,http://data.humdata.org/dataset/fd9fb749-5b68-4942-b5f9-115f20b5c00e/resource/b0342205-3a2a-4002-b5c7-e776aaac8831/download/Lby_Adm3_Baladiya.zip
0,99,Libya,http://data.humdata.org/dataset/fd9fb749-5b68-4942-b5f9-115f20b5c00e/resource/03f5926d-3a78-4bd9-9df4-fbf79a53fa93/download/Lby_Adm4_Muhalla.zip
0,99,Libya,http://data.humdata.org/dataset/fd9fb749-5b68-4942-b5f9-115f20b5c00e/resource/b2d58653-67fd-452b-b733-a383e42943b3/download/Capitals.zip
0,99,Nigeria,http://data.humdata.org/dataset/81ac1d38-f603-4a98-804d-325c658599a3/resource/6b25c06d-6d42-4300-8b0c-67c3c2fa401e/download/nga_admbnda_adm0_osgof.zip
0,99,Nigeria,http://data.humdata.org/dataset/81ac1d38-f603-4a98-804d-325c658599a3/resource/6815dd94-c6f1-47bf-8f84-7941d3a4a8cd/download/nga_admbnda_adm1_osgof.zip
0,99,Nigeria,http://data.humdata.org/dataset/81ac1d38-f603-4a98-804d-325c658599a3/resource/aa69f07b-ed8e-456a-9233-b20674730be6/download/nga_admbnda_adm2_osgof.zip
0,99,Nigeria,http://data.humdata.org/dataset/81ac1d38-f603-4a98-804d-325c658599a3/resource/7a549ab8-2c2b-4d76-bc56-9d63eb532b16/download/nga_admbnda_adm3_osgof_eha_itos.zip
0,99,Nigeria,http://data.humdata.org/dataset/81ac1d38-f603-4a98-804d-325c658599a3/resource/8753e96e-bdd9-4467-87de-2e0c5d45c1e8/download/nga_admbndl_admALL_osgof_eha_itos.zip
0,99,Honduras,http://data.humdata.org/dataset/bd62fb53-64d3-478f-9ca8-38e4a2de19c0/resource/34688cf1-3cad-4d51-a6b5-7726de70f4e7/download/hnd_admbnda_adm0_sinit_20161005.zip
0,99,Honduras,http://data.humdata.org/dataset/bd62fb53-64d3-478f-9ca8-38e4a2de19c0/resource/61cb7564-f409-4803-99c2-1327216c1482/download/hnd_admbnda_adm1_sinit_20161005.zip
0,99,Honduras,http://data.humdata.org/dataset/bd62fb53-64d3-478f-9ca8-38e4a2de19c0/resource/3f584e05-99b7-44cd-9fbe-8ffd3774d7c1/download/hnd_admbnda_adm2_sinit_20161005.zip
0,99,Honduras,http://data.humdata.org/dataset/bd62fb53-64d3-478f-9ca8-38e4a2de19c0/resource/618df9ce-feb1-46de-a9ac-a6ff04cb52ce/download/hnd_admbnda_adm3_sinit_20161005.zip
0,99,Central African Republic,http://data.humdata.org/dataset/78d80f16-b9ff-49cd-8195-d96efcf3b669/resource/b3e8f5e9-3546-475e-924f-4be91f88b12c/download/caf_admbnda_adm1_200k_sigcaf_reach_itos_Ocha.zip
0,99,Central African Republic,http://data.humdata.org/dataset/78d80f16-b9ff-49cd-8195-d96efcf3b669/resource/ddc54c62-2c0c-4b5b-9864-0a6ff747e4fc/download/caf_admbnda_adm2_200k_sigcaf_reach_itos_Ocha.zip
0,99,Central African Republic,http://data.humdata.org/dataset/78d80f16-b9ff-49cd-8195-d96efcf3b669/resource/f1faa825-b2b9-4677-b819-99fa4cb971ae/download/caf_admbnda_adm3_200k_sigcaf_reach_itos_ocha.zip
0,99,Central African Republic,http://data.humdata.org/dataset/78d80f16-b9ff-49cd-8195-d96efcf3b669/resource/e5271f2d-1829-4fcd-9a1f-e6d034074d25/download/CAF_admbnda_adm0_200k_sigcaf_reach_itos.zip
0,99,Central African Republic,http://data.humdata.org/dataset/78d80f16-b9ff-49cd-8195-d96efcf3b669/resource/a552ddef-ee61-418c-a815-b53227ec419f/download/caf_admbndl_admALL_200k_sigcaf_reach_ocha_itos.zip
0,99,Central African Republic,http://data.humdata.org/dataset/78d80f16-b9ff-49cd-8195-d96efcf3b669/resource/6b6f2169-5863-4894-b800-76e8dbca1497/download/caf_admbnda_adm4_reach_ocha.zip
0,99,Senegal,http://data.humdata.org/dataset/bd9bc484-155d-41a3-87cf-064310a94492/resource/4ef61299-7edb-4529-aa09-76137c14962a/download/sen_admbnda_admint_1m_dtgc_ocha.zip
0,99,Senegal,http://data.humdata.org/dataset/bd9bc484-155d-41a3-87cf-064310a94492/resource/45f60789-a249-48f0-85bd-97bcc250c937/download/sen_admbnda_adm1_1m_dtgc_ocha.zip
0,99,Senegal,http://data.humdata.org/dataset/bd9bc484-155d-41a3-87cf-064310a94492/resource/63d01675-a00a-417f-9a26-5aa8a98f8a55/download/sen_admbndl_admALL_1m_dtgc_ocha.zip
0,99,Senegal,http://data.humdata.org/dataset/bd9bc484-155d-41a3-87cf-064310a94492/resource/9cc64543-4ab6-48f3-bf0a-111e745b87ef/download/sen_admbnda_adm2_1m_dtgc_ocha.zip
0,99,Senegal,http://data.humdata.org/dataset/bd9bc484-155d-41a3-87cf-064310a94492/resource/f9fda9b6-5123-463b-b019-580c1bd41bcf/download/sen_admbnda_adm3_1m_dtgc_ocha.zip
0,99,Senegal,http://data.humdata.org/dataset/bd9bc484-155d-41a3-87cf-064310a94492/resource/581244a4-3fcb-4e5e-873b-4b80b6c3c924/download/sen_admbndl_admint_1m_dtgc_ocha.zip
0,99,Senegal,http://data.humdata.org/dataset/bd9bc484-155d-41a3-87cf-064310a94492/resource/069fa751-aabf-4cce-9076-4eaaaaf9a42c/download/sen_admbndl_adm1_1m_dtgc_ocha.zip
0,99,Mauritania,http://data.humdata.org/dataset/8d49f50d-92a8-46d9-9462-f821a8058f6d/resource/dacb6ad2-13b6-4f14-b1e9-44b800d76e58/download/MRT_admbnd0_1m_Ocha.zip
0,99,Mauritania,http://data.humdata.org/dataset/8d49f50d-92a8-46d9-9462-f821a8058f6d/resource/1e7d4873-1151-4d83-a38d-11f047d8b994/download/MRT_admbnd1_1m_Ocha.zip
0,99,Mauritania,http://data.humdata.org/dataset/8d49f50d-92a8-46d9-9462-f821a8058f6d/resource/f3586acb-27fc-4c49-a635-5ad33ad8f3f8/download/MRT_admbnd2_1m_Ocha.zip
0,99,Mauritania,http://data.humdata.org/dataset/8d49f50d-92a8-46d9-9462-f821a8058f6d/resource/b0b948ad-2310-45b2-beda-2cc6ea3e5146/download/MRT_admbnd3_1m_WFP.zip
0,99,Mauritania,http://data.humdata.org/dataset/8d49f50d-92a8-46d9-9462-f821a8058f6d/resource/c77822ea-e9cd-4580-8ca8-17ef80aeb1a7/download/MRT_admbnda_ALL_wfp_ocha_itos.zip
0,99,Burkina Faso,http://data.humdata.org/dataset/2940ed80-4b69-4b98-abaf-af79088852c5/resource/c13a978a-cfdf-4704-b784-4006b5c1419c/download/bfa_admbnda_admint_1m_salb_itos.zip
0,99,Burkina Faso,http://data.humdata.org/dataset/2940ed80-4b69-4b98-abaf-af79088852c5/resource/5d409afc-7bc6-4c72-8a49-0fc5cd4718a5/download/bfa_admbnda_adm1_1m_salb_itos.zip
0,99,Burkina Faso,http://data.humdata.org/dataset/2940ed80-4b69-4b98-abaf-af79088852c5/resource/872a2e62-9c2d-4bd7-9570-93b1fa9d9869/download/bfa_admbnda_adm2_1m_salb_itos.zip
0,99,Somalia,http://data.humdata.org/dataset/ec140a63-5330-4376-a3df-c7ebf73cfc3c/resource/7ba79e2a-6f8b-49b9-8422-7690298497d2/download/Som_Admbnda_Adm0_UNDP.zip
0,99,Somalia,http://data.humdata.org/dataset/ec140a63-5330-4376-a3df-c7ebf73cfc3c/resource/0353bb25-919e-40d7-be7d-831376bc4f76/download/SOM_Admbnda_Adm1_UNDP.zip
0,99,Mali,http://data.humdata.org/dataset/d2ec62bb-5a93-436d-8297-88b3ee9b6818/resource/1ba8420f-7361-4967-a042-afcef4217167/download/mli_admbnda_adm0_gov.zip
0,99,Mali,http://data.humdata.org/dataset/d2ec62bb-5a93-436d-8297-88b3ee9b6818/resource/986d42a2-dfa1-4317-aaa8-a1cb276ee5bd/download/mli_admbnda_adm2_gov_ocha_itos.zip
0,99,Mali,http://data.humdata.org/dataset/d2ec62bb-5a93-436d-8297-88b3ee9b6818/resource/ebed0012-ddc7-4bd6-9ab1-4f0b01a795cd/download/mli_admbnda_adm4_iom_gov.zip
0,99,State of Palestine,http://data.humdata.org/dataset/2caf8373-816f-458c-9913-71bddb9cab7c/resource/6bca27f1-73de-41bb-bfeb-27efb8fe9c97/download/pse_admbnda_adm1_pamop.zip
0,99,State of Palestine,http://data.humdata.org/dataset/2caf8373-816f-458c-9913-71bddb9cab7c/resource/5635fa0e-1a39-4619-bcb1-c0031c993070/download/pse_admbnda_adm2_ocha.zip
0,99,State of Palestine,http://data.humdata.org/dataset/2caf8373-816f-458c-9913-71bddb9cab7c/resource/19a1c75c-d3bb-4327-96fe-2ebfbee9a6ec/download/pse_admbndl_admALL_pamop_ocha_itos.zip
0,99,Tunisia,http://data.humdata.org/dataset/e47eda48-8f83-4858-b739-dbffb8a50c47/resource/107a93ea-5764-46f6-ab2d-19e6bbec654f/download/TUN_adm0.zip
0,99,Tunisia,http://data.humdata.org/dataset/e47eda48-8f83-4858-b739-dbffb8a50c47/resource/c52ddbb3-a22d-4988-90f1-a8e71099a00e/download/TUN_adm1.zip
0,99,Tunisia,http://data.humdata.org/dataset/e47eda48-8f83-4858-b739-dbffb8a50c47/resource/33ebbdc5-f111-49ec-aa7d-2449874e511d/download/TUN_adm2.zip
0,99,Tunisia,http://data.humdata.org/dataset/e47eda48-8f83-4858-b739-dbffb8a50c47/resource/4a9139a9-41d4-4037-8774-fb14dbe15430/download/wrl_capp_15m_esri.zip
0,99,Tunisia,http://data.humdata.org/dataset/e47eda48-8f83-4858-b739-dbffb8a50c47/resource/85421869-1e25-4dd2-9779-d337d6a61f29/download/TUN_PLACES_ESRI.zip
0,99,Western Sahara,http://data.humdata.org/dataset/ab6e70bd-3cab-4a68-9a02-04ecd3df6b46/resource/6fd8f515-31b2-4517-a2cc-bd76af596aa6/download/ESH_admn0.zip
0,99,Western Sahara,http://data.humdata.org/dataset/ab6e70bd-3cab-4a68-9a02-04ecd3df6b46/resource/9d86e1f6-2e4f-4440-9d4c-3fcacbdf0c59/download/ESH_admn1.zip
0,99,Western Sahara,http://data.humdata.org/dataset/ab6e70bd-3cab-4a68-9a02-04ecd3df6b46/resource/b351b1b2-e828-4542-b2ec-b2bf5728e8cc/download/Capital.zip
0,99,Morocco,http://data.humdata.org/dataset/7fb8f891-35f2-4bd5-8c75-5e7797ff1731/resource/ebf7ef5b-ef64-47a0-b973-eb7afa712736/download/MAR_adm0.zip
0,99,Morocco,http://data.humdata.org/dataset/7fb8f891-35f2-4bd5-8c75-5e7797ff1731/resource/7091e335-fd67-4e00-84c1-7e766741e322/download/MAR_adm1.zip
0,99,Morocco,http://data.humdata.org/dataset/7fb8f891-35f2-4bd5-8c75-5e7797ff1731/resource/53b794ed-e432-481a-aea5-2f05938cf999/download/MAR_adm2.zip
0,99,Morocco,http://data.humdata.org/dataset/7fb8f891-35f2-4bd5-8c75-5e7797ff1731/resource/828d5f49-09c8-4188-a4a4-0f96b6dd3f9f/download/MAR_adm4.zip
0,99,Morocco,http://data.humdata.org/dataset/7fb8f891-35f2-4bd5-8c75-5e7797ff1731/resource/6ae73092-633a-452f-94c0-bd91ad324d6a/download/GovCapital_ESRI.zip
0,99,Morocco,http://data.humdata.org/dataset/7fb8f891-35f2-4bd5-8c75-5e7797ff1731/resource/c2b93fc4-0c6a-4b0d-a79a-130ea6bdb9bb/download/MAR_PLACES_ESRI.zip
0,99,Syrian Arab Republic,http://data.humdata.org/dataset/356a63e9-90aa-4b9c-a938-58ef24469c00/resource/efc77a38-a04a-4320-813e-72fe60e9743c/download/syr_admin_shp_utf8_170601.zip
0,99,Iraq,http://data.humdata.org/dataset/488bb3cd-3ce9-49d3-862a-3ce7975c63e1/resource/aec6ecc5-9530-48f4-9618-7036258393af/download/iraq_admbnda_adm0.zip
0,99,Iraq,http://data.humdata.org/dataset/488bb3cd-3ce9-49d3-862a-3ce7975c63e1/resource/4e2a34ef-8b54-4e69-863a-810fa5d298d4/download/iraq_admbnda_adm1.zip
0,99,Iraq,http://data.humdata.org/dataset/488bb3cd-3ce9-49d3-862a-3ce7975c63e1/resource/7003112f-22de-4426-a1d1-9ddc45e211a8/download/iraq_admbnda_adm2.zip
0,99,Sierra Leone,http://data.humdata.org/dataset/a4816317-a913-4619-b1e9-d89e21c056b4/resource/b6225ff4-80e2-428f-be5e-db5d2f43a3d6/download/Admin1ProvinceSLEsleprovince.zip
0,99,Sierra Leone,http://data.humdata.org/dataset/a4816317-a913-4619-b1e9-d89e21c056b4/resource/b3963917-8550-478d-9363-736492bf209a/download/sle_admbnda_adm2_1m_gov_ocha.zip
0,99,Sierra Leone,http://data.humdata.org/dataset/a4816317-a913-4619-b1e9-d89e21c056b4/resource/e2aa661d-af2f-42d8-bdea-c7e16a00bdb2/download/sle_admbnda_adm3_1m_gov_ocha.zip
0,99,Sierra Leone,http://data.humdata.org/dataset/a4816317-a913-4619-b1e9-d89e21c056b4/resource/da852c80-d459-4514-a835-d1d0d457ef2a/download/sle_admbnda_adm4_1m_gov_ocha.zip
0,99,Sierra Leone,http://data.humdata.org/dataset/a4816317-a913-4619-b1e9-d89e21c056b4/resource/d8d5fe4c-c9e4-4f01-a5d8-c581450c5c57/download/sle_admbnda_admint_1m_gov_ocha.zip
0,99,Sierra Leone,http://data.humdata.org/dataset/a4816317-a913-4619-b1e9-d89e21c056b4/resource/17ad0206-f848-4048-a441-f27ad0af1870/download/sle_admbndl_admAll_1m_ocha.zip
0,99,Uganda,http://data.humdata.org/dataset/bb32a92a-f4c0-43d1-8919-57e674fe6c53/resource/5d2e6965-920a-4c07-bacf-a0c900b9d220/download/uganda_county2006.zip
0,99,Uganda,http://data.humdata.org/dataset/69259d71-30ba-41d0-bdb1-8772b3e34b2a/resource/a5b0848d-9a25-45c4-b6a7-a29fa0404314/download/uganda_subcounties2010.zip
0,99,Uganda,http://data.humdata.org/dataset/52707222-6315-4249-aaec-991f9c755cb7/resource/f7879af8-d8b8-4bdb-bf1c-291183a6457b/download/uganda_district2010.zip
0,99,Uganda,http://data.humdata.org/dataset/5ad282a3-d981-4987-8d39-78b88423954f/resource/fc202677-4f65-4f51-a51e-8328bd6a1b2e/download/uganda_subregional2006.zip
0,99,Uganda,http://data.humdata.org/dataset/df98c995-5ada-412f-b1a5-43b42bb366a8/resource/b240f5f1-2689-4e56-bfce-e89ab4c82a07/download/uganda_national2006.zip
0,99,Bahrain,http://data.humdata.org/dataset/23a85209-66d3-4d10-a69f-7baf6d2cc8c1/resource/6b11ac4e-2ef7-4ec4-a1ea-006c7c85ded0/download/Boundaries_Bahrain_0_GAUL.zip
0,99,Bahrain,http://data.humdata.org/dataset/23a85209-66d3-4d10-a69f-7baf6d2cc8c1/resource/ed1d62a1-92f1-4105-b647-85e90362c59b/download/Boundaries_Bahrain_1_GAUL.zip
0,99,Bahrain,http://data.humdata.org/dataset/23a85209-66d3-4d10-a69f-7baf6d2cc8c1/resource/4fdec9b0-ad6d-4981-8a8b-f4af6f4a5b23/download/Boundaries_Bahrain_2_GAUL.zip
0,99,Bahrain,http://data.humdata.org/dataset/23a85209-66d3-4d10-a69f-7baf6d2cc8c1/resource/9df2a1ae-b5f0-4bfa-8c2a-f58c12ec76fd/download/BHN_pplp_1m_ESRI.zip
0,99,Bahrain,http://data.humdata.org/dataset/23a85209-66d3-4d10-a69f-7baf6d2cc8c1/resource/0fe9fd06-39e4-4d60-846c-92ebcf9d81de/download/BHN_Places_ESRI.zip
0,99,Kuwait,http://data.humdata.org/dataset/a28f399f-482c-4e62-8dbf-d2c12381674a/resource/34101ac2-58a0-490b-a77c-3a21150eab1f/download/KWT_adm0.zip
0,99,Kuwait,http://data.humdata.org/dataset/a28f399f-482c-4e62-8dbf-d2c12381674a/resource/cdc040d0-844d-4fbd-a13c-819adda7f624/download/KWT_adm1.zip
0,99,Kuwait,http://data.humdata.org/dataset/a28f399f-482c-4e62-8dbf-d2c12381674a/resource/c9786d21-1fd8-43a2-b15a-0d7d1e013e63/download/PPLP_15M_ESRI.zip
0,99,Kuwait,http://data.humdata.org/dataset/a28f399f-482c-4e62-8dbf-d2c12381674a/resource/697ddfd6-b40a-4cfb-b5b5-961972b75762/download/KWT_PLACES_ESRI.zip
0,99,Oman,http://data.humdata.org/dataset/da87f54e-64bd-4cf4-bd31-3fc520f94609/resource/197d524e-1cf7-40f9-93e3-bb987629b846/download/OMN_adm0.zip
0,99,Oman,http://data.humdata.org/dataset/da87f54e-64bd-4cf4-bd31-3fc520f94609/resource/36dee86a-5d84-4a37-8f29-e7f15e9e55eb/download/OMN_adm1.zip
0,99,Oman,http://data.humdata.org/dataset/da87f54e-64bd-4cf4-bd31-3fc520f94609/resource/fae5d130-099b-4bbd-b0d1-99e091d4166d/download/OMN_adm2.zip
0,99,Oman,http://data.humdata.org/dataset/da87f54e-64bd-4cf4-bd31-3fc520f94609/resource/1a91b477-618a-4a2b-b477-d99baa0e4135/download/Gov_Capital.zip
0,99,Oman,http://data.humdata.org/dataset/da87f54e-64bd-4cf4-bd31-3fc520f94609/resource/1913cbe4-55af-489b-8417-827112190e95/download/OMN_PLACES_ESRI.zip
0,99,Qatar,http://data.humdata.org/dataset/6a84f3b8-41cd-4769-a61f-6dbd5f61bd05/resource/a3ce583a-422c-46cf-bd09-55cd87d62136/download/QAT_adm0.zip
0,99,Qatar,http://data.humdata.org/dataset/6a84f3b8-41cd-4769-a61f-6dbd5f61bd05/resource/c11a9ba7-3e69-4f3f-bb02-70c094698039/download/QAT_adm1.zip
0,99,Qatar,http://data.humdata.org/dataset/6a84f3b8-41cd-4769-a61f-6dbd5f61bd05/resource/b61627ef-339c-42d3-9608-009610761e53/download/wrl_capp_15m_esri.zip
0,99,Qatar,http://data.humdata.org/dataset/6a84f3b8-41cd-4769-a61f-6dbd5f61bd05/resource/630e67b7-aea5-4d94-8fd3-b1c0292147a1/download/QAT_PLACES_ESRI.zip
0,99,Saudi Arabia,http://data.humdata.org/dataset/41ce9023-1d21-4549-a485-94316200aba0/resource/b0231b6c-1e16-495d-8538-b5f6c1fb5203/download/SAU_adm0.zip
0,99,Saudi Arabia,http://data.humdata.org/dataset/41ce9023-1d21-4549-a485-94316200aba0/resource/a0188b1b-2f40-4f27-8a43-25913a7378ca/download/SAU_adm1.zip
0,99,Saudi Arabia,http://data.humdata.org/dataset/41ce9023-1d21-4549-a485-94316200aba0/resource/99834c81-ad34-415e-91c5-af053d8e55b4/download/sau_capp_adm1_1m_ocha.zip
0,99,Saudi Arabia,http://data.humdata.org/dataset/41ce9023-1d21-4549-a485-94316200aba0/resource/6f333a48-5114-462c-99c3-d1fd62c35ddb/download/SAU_Places.zip
0,99,United Arab Emirates,http://data.humdata.org/dataset/23d41c1f-41ef-4957-a47e-b8c08c984d83/resource/580a2fe8-b6f3-42fa-bae4-75201950128b/download/Admin0.zip
0,99,United Arab Emirates,http://data.humdata.org/dataset/23d41c1f-41ef-4957-a47e-b8c08c984d83/resource/54f2c9ed-68d3-4cbb-a830-a15282b1bca9/download/Admin1.rar
0,99,United Arab Emirates,http://data.humdata.org/dataset/23d41c1f-41ef-4957-a47e-b8c08c984d83/resource/2d250c54-cd17-4889-b832-a1de6fc9b396/download/pplp_1m_ERSI.zip
0,99,United Arab Emirates,http://data.humdata.org/dataset/23d41c1f-41ef-4957-a47e-b8c08c984d83/resource/4e42593a-ef61-472e-91cb-3a1084a14e51/download/UAE_PLACES_ESRI.zip
0,99,Kenya,http://data.humdata.org/dataset/2c0b7571-4bef-4347-9b81-b2174c13f9ef/resource/5e6bb3bd-6ff8-4127-82b7-5a846bd4b802/download/Kenya_admin1_county.zip
0,99,Mali,http://data.humdata.org/dataset/3feaf6d7-8b21-4db1-a097-fa8a2b680a89/resource/1f4755a2-b3d7-4634-9273-430048d40684/download/mli_admbnda_adm1_pop_2017.zip
0,99,Mali,http://data.humdata.org/dataset/3feaf6d7-8b21-4db1-a097-fa8a2b680a89/resource/bc251c53-9c78-48b2-ab8f-c92d9269faf2/download/mli_admbnda_adm2_pop_2017.zip
0,99,Mali,http://data.humdata.org/dataset/3feaf6d7-8b21-4db1-a097-fa8a2b680a89/resource/303f57d8-965f-4c70-a081-3e5e0fcba2bf/download/mli_admbnda_adm3_pop_2017.zip
0,99,Niger,http://data.humdata.org/dataset/c0e0998c-b45a-4aea-ac06-c1de1d94e596/resource/fc164d0b-0df4-45ca-a709-a540e68e62ee/download/NER_admbnda_adm0_ignn_ocha.zip
0,99,Niger,http://data.humdata.org/dataset/c0e0998c-b45a-4aea-ac06-c1de1d94e596/resource/94e06212-3f8f-4c74-a433-1b132d059ea8/download/NER_admbnda_adm1_ignn_ocha_itos.zip
0,99,Niger,http://data.humdata.org/dataset/c0e0998c-b45a-4aea-ac06-c1de1d94e596/resource/4b2bfec2-2f26-4354-bfe0-801f161c23fb/download/NER_admbnda_adm2_ignn_ocha_itos.zip
0,99,Kenya,http://data.humdata.org/dataset/db0ba5f4-cd9a-4512-b9ca-3c79f59fed08/resource/2fe6fcaa-58af-4d5d-a17d-81c73574ae2a/download/Kenya_Wards.zip
0,99,Chad,http://data.humdata.org/dataset/7a3532f7-c6f0-4106-86b9-650b5cfc4774/resource/8d3ab078-b47b-489c-9c82-723795dd88d3/download/tcd_admbnd_adm1_2008_ocha.zip
0,99,Chad,http://data.humdata.org/dataset/7a3532f7-c6f0-4106-86b9-650b5cfc4774/resource/cf9d8f25-cc46-4f52-9985-6ea08711760e/download/tcd_admbnd_adm2_2008_ocha.zip
0,99,Chad,http://data.humdata.org/dataset/7a3532f7-c6f0-4106-86b9-650b5cfc4774/resource/ec137080-7bf2-4757-b68a-771c3ce6008d/download/tcd_admbnd_adm4_2008_ocha.zip
0,99,Philippines,http://data.humdata.org/dataset/caf116df-f984-4deb-85ca-41b349d3f313/resource/315b64be-e4c9-401d-80c2-81a0e4cfb917/download/PHL_adm1_PSA_pn_2016June.zip
0,99,Philippines,http://data.humdata.org/dataset/caf116df-f984-4deb-85ca-41b349d3f313/resource/b2890403-1ad8-4f14-8762-9ef34f251609/download/PHL_adm2_PSA_pn_2016June.zip
0,99,Philippines,http://data.humdata.org/dataset/caf116df-f984-4deb-85ca-41b349d3f313/resource/ebc4092d-d56d-42d1-95ee-4fc6fad4e5e4/download/PHL_adm3_PSA_pn_2016June.zip
0,99,Gambia,http://data.humdata.org/dataset/9f2ce756-2e50-4042-a952-32160977d223/resource/9718f978-d443-45b2-8e5f-b10e89ef038e/download/gmb_admbnda_admint_1m_ocha.zip
0,99,Gambia,http://data.humdata.org/dataset/9f2ce756-2e50-4042-a952-32160977d223/resource/a77b714e-4b48-4e05-8e0c-e39822454764/download/GMB_admbnda_adm1_lga_1m_ocha.zip
0,99,Gambia,http://data.humdata.org/dataset/9f2ce756-2e50-4042-a952-32160977d223/resource/975ac9ed-f966-46d0-a598-f9db36e858e9/download/gmb_admbnda_adm2_district_1m_ocha.zip
0,99,Gambia,http://data.humdata.org/dataset/9f2ce756-2e50-4042-a952-32160977d223/resource/9e23af57-0aa1-443c-80ac-ec97100dd00f/download/gmb_admbndl_admall_district_1m_ocha.zip
0,99,Myanmar,http://data.humdata.org/dataset/b3d665ad-a017-4deb-94b1-f6e0bfcbf3d5/resource/2454d9d6-ff37-43b3-ac1b-f04fc13bfefc/download/mmr_adm0_country_mimu.zip
0,99,Myanmar,http://data.humdata.org/dataset/b3d665ad-a017-4deb-94b1-f6e0bfcbf3d5/resource/b80c7542-8da6-4643-9d4d-10c598ee96a2/download/mmr_adm1_states_regions1_mimu.zip
0,99,Myanmar,http://data.humdata.org/dataset/b3d665ad-a017-4deb-94b1-f6e0bfcbf3d5/resource/dd16d141-a2b1-47c5-a2b3-591caa5cf45e/download/mmr_adm1_states_regions2_mimu.zip
0,99,Myanmar,http://data.humdata.org/dataset/b3d665ad-a017-4deb-94b1-f6e0bfcbf3d5/resource/abe112e9-5f91-4093-9b58-d6946e74fdf6/download/mmr_adm2_districts_mimu.zip
0,99,Myanmar,http://data.humdata.org/dataset/b3d665ad-a017-4deb-94b1-f6e0bfcbf3d5/resource/3f7a1a22-c584-4641-974b-97a08038c67d/download/mmr_adm3_townships1_mimu.zip
0,99,Myanmar,http://data.humdata.org/dataset/b3d665ad-a017-4deb-94b1-f6e0bfcbf3d5/resource/84bbd7ea-e693-463c-843f-1dbb0509cce9/download/mmr_adm3_townships2_mimu.zip
0,99,Madagascar,http://data.humdata.org/dataset/26fa506b-0727-4d9d-a590-d2abee21ee22/resource/30fb3602-3c17-44f2-a239-32e47c749b5e/download/mdg_polbnda_adm0_country_NDMO_OCHA.shp.zip
0,99,Madagascar,http://data.humdata.org/dataset/26fa506b-0727-4d9d-a590-d2abee21ee22/resource/d82b7118-2af4-41ab-a372-b343f866c786/download/mdg_polbnda_adm1_region_NDMO_OCHA.zip
0,99,Madagascar,http://data.humdata.org/dataset/26fa506b-0727-4d9d-a590-d2abee21ee22/resource/dd9b2c7f-3f46-416b-874e-b558ae48af15/download/mdg_polbnda_adm2_district_NDMO_OCHA.shp.zip
0,99,Madagascar,http://data.humdata.org/dataset/26fa506b-0727-4d9d-a590-d2abee21ee22/resource/8f25815e-580e-4263-939e-22c8b9b232b1/download/mdg_polbnda_adm3_commune_NDMO_OCHA.shp.zip
0,99,Madagascar,http://data.humdata.org/dataset/26fa506b-0727-4d9d-a590-d2abee21ee22/resource/728cc87f-f594-47e0-8601-49dbbc598815/download/mdg_polbnda_adm4_fokontany_NDMO_OCHA.shp.zip
0,99,Nigeria,http://data.humdata.org/dataset/a1d24d7c-1341-46ce-9a61-66a57f0bd5d4/resource/2ec41083-81a6-4271-b099-bf9c34fe34ed/download/nga_borno_ward_shapefiles_20102016.zip
0,99,Lao People's Democratic Republic,http://data.humdata.org/dataset/9eb6aff1-9e3f-43d3-99a6-f415fe4b4dff/resource/a5637d25-287c-4e67-8d3d-9119e22f8de6/download/Lao_bnd_admin0_ngd2015.zip
0,99,Lao People's Democratic Republic,http://data.humdata.org/dataset/9eb6aff1-9e3f-43d3-99a6-f415fe4b4dff/resource/d17e2136-9099-43d0-815e-8a0eece8a7fe/download/Lao_bnd_admin1_ngd2015.zip
0,99,Lao People's Democratic Republic,http://data.humdata.org/dataset/9eb6aff1-9e3f-43d3-99a6-f415fe4b4dff/resource/ad8c78c2-105e-4321-9138-16594bce1ac7/download/Lao_bnd_admin1_ngd2015Line.zip
0,99,Lao People's Democratic Republic,http://data.humdata.org/dataset/9eb6aff1-9e3f-43d3-99a6-f415fe4b4dff/resource/ed026c9b-d8a1-4337-9633-66ac944b82a5/download/lao_bnd_admin2_ngd2015.zip
0,99,Lao People's Democratic Republic,http://data.humdata.org/dataset/9eb6aff1-9e3f-43d3-99a6-f415fe4b4dff/resource/1fe2708e-f5fd-403c-b6ca-c16f8c31f08b/download/Lao_bnd_admin2_ngd2015Line.zip
0,99,Nigeria,http://data.humdata.org/dataset/a7f62e7c-17ef-43d2-bfbd-cf9c5cdf5b89/resource/9b7ca99b-465b-4836-9992-264d44f36db1/download/Nigeria_international_boundaries.zip
0,99,Nigeria,http://data.humdata.org/dataset/707aae55-ae4a-49dd-bb30-73f9fb55e569/resource/e1b2a9b5-a68d-4e67-bc61-da9983741956/download/nigeria_polbnda_admin_0_unsalb.zip
0,99,Nigeria,http://data.humdata.org/dataset/707aae55-ae4a-49dd-bb30-73f9fb55e569/resource/89fd13e1-367c-4a2d-ac2c-2b123d1c7b73/download/nigeria_polbnda_admin_1_unsalb.zip
0,99,Nigeria,http://data.humdata.org/dataset/707aae55-ae4a-49dd-bb30-73f9fb55e569/resource/06ad393a-fff4-4442-82a7-32122b458553/download/nigeria_polbnda_admin_2_unsalb.zip
0,99,Kenya,http://data.humdata.org/dataset/8158e5a1-065b-47b7-b5ad-aff3a7157535/resource/9dbe8e4f-3085-467b-8111-402ba9ceaadc/download/Ken_Admin1.zip
0,99,Kenya,http://data.humdata.org/dataset/aea95459-bc41-4673-9712-eb872f12b666/resource/805b6dcf-eed3-497d-bf9d-80622582d53a/download/kenadmin3all2002cbs.zip
0,99,Kenya,http://data.humdata.org/dataset/1c6caac8-874e-47fd-87c4-4d5d91c47e8f/resource/321ce757-f063-475a-9442-c181c444e429/download/kendivisions.zip
0,99,Kenya,http://data.humdata.org/dataset/23b3ea32-5cdc-47a0-94a5-763a611a2449/resource/65b395f2-4ce6-41d9-a169-d17e021a7843/download/kendistricts.zip
0,99,Kenya,http://data.humdata.org/dataset/ef819e1b-eda0-4db9-af36-adac33016973/resource/40b33c69-a47a-47f2-8503-4ddf142127c9/download/kensublocations.zip
0,99,Kenya,http://data.humdata.org/dataset/28d9cc75-2b66-4901-b3e6-cff64907a083/resource/c29244ca-2740-4700-829f-7b54aedb6f8d/download/kenlocations.zip
0,99,Congo,http://data.humdata.org/dataset/762e2263-c6f1-4ef6-a3bc-48338a6484a8/resource/2b07b9c0-0193-4004-ae89-c6253e397892/download/COG_admbndp0_1m_gadm.zip
0,99,Congo,http://data.humdata.org/dataset/762e2263-c6f1-4ef6-a3bc-48338a6484a8/resource/525b21cd-7da8-4abc-9186-21910eb604f8/download/COG_admbndp1_1m_gadm.zip
0,99,Congo,http://data.humdata.org/dataset/762e2263-c6f1-4ef6-a3bc-48338a6484a8/resource/90bb7fd5-9d9f-48ac-bb68-7be8e176bbed/download/COG_admbndp2_1m_gadm.zip
0,99,Congo,http://data.humdata.org/dataset/762e2263-c6f1-4ef6-a3bc-48338a6484a8/resource/5b79303e-bd16-4049-806a-6118a83a4b42/download/cog_admbndl_admall_1m_gadm_ocha.zip
0,99,Benin,http://data.humdata.org/dataset/494229d9-eee0-4872-8864-2baf98691554/resource/91be83e9-a3c6-427a-9f00-1ddb5d614f09/download/ben_admbnd0_1m_ocha.zip
0,99,Benin,http://data.humdata.org/dataset/494229d9-eee0-4872-8864-2baf98691554/resource/e8817dc4-3734-4e4f-be54-d446fc71f68a/download/ben_admbnd1_1m_SALB.zip
0,99,Benin,http://data.humdata.org/dataset/494229d9-eee0-4872-8864-2baf98691554/resource/8478a018-96ab-453c-915f-310f588500ff/download/ben_admbnd2_1m_SALB.zip
0,99,Yemen,http://data.humdata.org/dataset/6b2656e2-b915-4671-bfed-468d5edcd80a/resource/2ade2886-2990-41d0-a89b-33c5d1de6e3a/download/Admin-0.zip
0,99,Yemen,http://data.humdata.org/dataset/6b2656e2-b915-4671-bfed-468d5edcd80a/resource/69146e1e-62c7-4e7f-8f6c-2dacffe02283/download/Admin-1.zip
0,99,Yemen,http://data.humdata.org/dataset/6b2656e2-b915-4671-bfed-468d5edcd80a/resource/f60035dc-624a-49cf-95de-9d489c07d3b9/download/Admin-2.zip
0,99,Turkey,http://data.humdata.org/dataset/ac768a5c-db29-4872-9792-bd3179e29c45/resource/12959809-8cdc-4f4c-a350-9113179aa3cd/download/TUR_admn_adm012_py_GeneralCommandOfMapping_hh.zip
0,99,Mozambique,http://data.humdata.org/dataset/c781a3f4-672e-4716-9364-88c26ae693f0/resource/46fd1371-377d-4e68-acb9-5c01232d79ae/download/moz_polbnda_adm2_districts_wfp_ine_pop2012_15_ocha.zip
0,99,Sudan,http://data.humdata.org/dataset/7b3c6a84-b654-4298-a777-a6f247162ae2/resource/08358eaf-a962-4784-86a9-6408441cec87/download/sd_admbnda_adm1_17012016_zipped-shapefile-334kb.zip
0,99,Sudan,http://data.humdata.org/dataset/7b3c6a84-b654-4298-a777-a6f247162ae2/resource/fc0b09fe-85c9-4e31-8a80-183cadf6567e/download/sd_admbnda_adm2_17012016_zipped-shapefile-572kb.zip
0,99,Thailand,http://data.humdata.org/dataset/d24bdc45-eb4c-4e3d-8b16-44db02667c27/resource/d0c722ff-6939-4423-ac0d-6501830b1759/download/THA_Adm_level_0.zip
0,99,Thailand,http://data.humdata.org/dataset/d24bdc45-eb4c-4e3d-8b16-44db02667c27/resource/3b931e68-8894-4e99-b6d7-0e522f9ba2d0/download/THA_Regions.zip
0,99,Thailand,http://data.humdata.org/dataset/d24bdc45-eb4c-4e3d-8b16-44db02667c27/resource/6e16a94f-c8f1-419a-bda8-f30e1955f012/download/THA_Regions_line.zip
0,99,Thailand,http://data.humdata.org/dataset/d24bdc45-eb4c-4e3d-8b16-44db02667c27/resource/01f75483-3138-48cc-b25d-112d812905ba/download/THA_Adm_level_1.zip
0,99,Thailand,http://data.humdata.org/dataset/d24bdc45-eb4c-4e3d-8b16-44db02667c27/resource/43c86acf-2f65-4f58-9199-fb714e276921/download/THA_Adm_level_1_line.zip
0,99,Thailand,http://data.humdata.org/dataset/d24bdc45-eb4c-4e3d-8b16-44db02667c27/resource/d3d262d9-70b5-45b3-bf90-4bf4af26a173/download/THA_Adm_level_2.zip
0,99,Thailand,http://data.humdata.org/dataset/d24bdc45-eb4c-4e3d-8b16-44db02667c27/resource/12435c6a-2bb8-431a-95d5-cc1f3621155f/download/THA_Adm_level_2_line.zip
0,99,Thailand,http://data.humdata.org/dataset/d24bdc45-eb4c-4e3d-8b16-44db02667c27/resource/baecf366-00d9-425e-9ff5-e583d187374c/download/THA_Adm_level_3.zip
0,99,Thailand,http://data.humdata.org/dataset/d24bdc45-eb4c-4e3d-8b16-44db02667c27/resource/25566401-4ea9-4e6b-b87d-9e8d00c681ff/download/THA_Adm_level_3_line.zip
0,99,Mongolia,http://data.humdata.org/dataset/9844060e-a119-4999-b99c-aae33d357b91/resource/2357dd25-60d8-43be-80c5-c8d502117818/download/mng_admin2_Sum_nso_polyline.zip
0,99,Mongolia,http://data.humdata.org/dataset/9844060e-a119-4999-b99c-aae33d357b91/resource/185f5d42-b6f6-4671-9794-ab10ab68d073/download/mng_admin2_Sum_nso_polygon.zip
0,99,Sri Lanka,http://data.humdata.org/dataset/5ed05f6e-556f-4545-918a-a5b679386ee9/resource/bcc9d500-3895-4262-8e6f-9eb3b652d931/download/lka_pop_censusproj2022adm2_wfpocha.zip
0,99,Sri Lanka,http://data.humdata.org/dataset/e2f40579-d9fc-4515-ba66-f2ba43e693a6/resource/6ab35368-024d-4cca-b098-e71ed70fed14/download/lka_pop_censusproj2022adm4_wfpocha.zip
0,99,Sri Lanka,http://data.humdata.org/dataset/14dd7ed1-84ca-46ea-9677-dc9f49bf6b58/resource/4f680477-47af-414c-84d2-db29b17f9ba1/download/lka_pop_censusproj2022adm1_wfpocha.zip
0,99,Bangladesh,http://data.humdata.org/dataset/1386fb3c-39bb-43a1-8046-72cb89ab578d/resource/fd673983-96ac-4fac-be20-38ffc9a8f6c3/download/bgd_bnd_admin4_bbs.zip
0,99,Bangladesh,http://data.humdata.org/dataset/01f31180-84ef-44ca-a561-4ac62c6a61c4/resource/2d332b10-fdfd-4721-ac19-e3dec9166a7b/download/bgd_bnd_admin3_bbs.zip
0,99,Bangladesh,http://data.humdata.org/dataset/fa7e044e-76ac-4363-8231-64d15ca93d46/resource/f48ee835-24bb-4016-87a3-ab6c2f010287/download/bgd_bnd_admin2_bbs.zip
0,99,Bangladesh,http://data.humdata.org/dataset/6f8763e3-7f07-49ff-9ef6-a752da531475/resource/6b5577a3-47df-4f85-b2f0-5e2c86add0c9/download/bgd_bnd_admin1_bbs.zip
0,99,Cuba,http://data.humdata.org/dataset/09a2fd3a-52d9-4e95-98d9-35161137a592/resource/e931e099-1308-4055-a862-f8051c64f4b3/download/CUB_adm1.zip
0,99,Cuba,http://data.humdata.org/dataset/42e2983b-7a84-4dbc-ae02-9c3b5cc69c42/resource/49c04bfd-3613-4932-a841-2007f7904baf/download/CUB_adm0.zip
0,99,Cuba,http://data.humdata.org/dataset/2e424767-55b5-4e69-a021-360cb2a57dc6/resource/d3280867-bf07-4ebf-8243-874e85d257dd/download/CUB_adm2.zip
0,99,Nepal,http://data.humdata.org/dataset/b2c19438-3e3c-4553-8ddc-4a42a50acf00/resource/675aa4b1-0b28-4939-af64-d44079b850e3/download/npl-polbnda-adm3-dis-25k-50k-sdn-wgs84-shp.zip
0,99,Ecuador,http://data.humdata.org/dataset/94ca0461-d2a8-4f1f-a99e-47b665462726/resource/3cdaaf9a-342c-4546-a7a3-9246a942db16/download/administrative_boundaries_1-ec.zip
0,99,Bahamas,http://data.humdata.org/dataset/692fc891-1e44-4413-9e88-999349c86ca7/resource/b2eac0ef-2d9f-4fa8-9978-e6b762c3143e/download/BHS_adm0_gdams_2009.zip
0,99,Bahamas,http://data.humdata.org/dataset/692fc891-1e44-4413-9e88-999349c86ca7/resource/d521054d-7272-4368-abf2-8a5d9f2b2ae7/download/BHS_adm1_GDAMS_2009.zip
0,99,Nepal,http://data.humdata.org/dataset/1541bb5e-9b6d-4c6d-ac8d-335f90ad0f23/resource/368167b8-6901-402e-a7fe-6fcc36f7ac5c/download/31Adist_polbnda_adm3_MoFALD_HRRP_wgs84.zip
0,99,Nepal,http://data.humdata.org/dataset/1541bb5e-9b6d-4c6d-ac8d-335f90ad0f23/resource/e89950a1-f9e2-41c3-ab96-5ca0fb1688bd/download/31Adist_polbnda_adm4_MoFALD_HRRP_wgs84.zip
0,99,Uganda,http://data.humdata.org/dataset/117257a0-9111-474f-bf07-4619ea4dfaab/resource/65809888-a6ad-41f6-842c-0caaa78dda95/download/districts_2014_UTM.zip
0,99,Burundi,http://data.humdata.org/dataset/4adaa3c9-cafd-4cf4-a768-9d9b520a8d86/resource/35921f1a-a635-4a47-811a-97309a4c2505/download/bdiadmin12006igebu.zip
0,99,Burundi,http://data.humdata.org/dataset/873afa32-ce8b-4864-87ed-96d8e7c664d9/resource/09745f81-6d44-4548-9ce1-a4bc1488d6fa/download/bdiadmin22006igebu.zip
0,5,Burundi,http://data.humdata.org/dataset/95145e1b-382b-443e-9521-ce94a2ec489a/resource/b7ce609a-b56e-4746-842a-b5987c53c664/download/bdiadmin52006igebu0.zip
0,99,Burundi,http://data.humdata.org/dataset/e2451937-cf44-4984-88fb-c5320072a113/resource/a5eb736b-4433-4bb7-be2e-7537e5be7288/download/bdiadmin42006igebu0.zip
0,99,Burundi,http://data.humdata.org/dataset/f60e3d80-9d66-48dd-8de4-0f2c7a56a293/resource/f96001cf-5769-4d10-bb57-77dd84def7d1/download/bdiadmin32006igebu0.zip
0,99,Macedonia,http://data.humdata.org/dataset/2762c3c6-fa93-4dc6-9e82-5af6e5133c18/resource/4a46be36-3514-477d-a4d9-5766b679e3eb/download/MKD_admn_adm_py_EuroGeographics-NTES_pp.zip
0,99,Greece,http://data.humdata.org/dataset/17e2fc83-e58b-494a-bb18-83df4bb0529e/resource/293ba7c7-90fc-43cc-8429-a52cd58cb910/download/GR_bsm_admn_adm_py_EuroGeoGraphics_2015_pp.zip
0,99,Sri Lanka,http://data.humdata.org/dataset/fa50efee-3fd9-412c-99e1-3a8b8759299e/resource/d102324b-be2b-4c17-a153-732a0db59f5d/download/lka_pop_censusproj2022adm3_wfpocha.zip
0,99,Guinea-Bissau,http://data.humdata.org/dataset/3db6297f-55d7-4e79-8969-281b1838ef79/resource/630eeca5-125e-42ff-a4b9-c6798dc3e20b/download/GNB_admbndp0_1m_salb.zip
0,99,Guinea-Bissau,http://data.humdata.org/dataset/3db6297f-55d7-4e79-8969-281b1838ef79/resource/e5e1b90c-dafe-46c5-92c1-4c1a8001200a/download/GNB_adm1_salb.zip
0,99,Guinea-Bissau,http://data.humdata.org/dataset/3db6297f-55d7-4e79-8969-281b1838ef79/resource/3a029404-5524-478a-bf3b-78d152871f82/download/GNB_adm2_salb.zip
0,99,Ghana,http://data.humdata.org/dataset/dc4c17cf-59d9-478c-b2b7-acd889241194/resource/4443ddba-eeaf-4367-9457-7820ea482f7f/download/GHA_admbndp0_1m_GAUL.zip
0,99,Ghana,http://data.humdata.org/dataset/dc4c17cf-59d9-478c-b2b7-acd889241194/resource/f5b5a810-02e2-4272-8e9c-5bd0a40f96f1/download/GHA_admbndp1_1m_GAUL.zip
0,99,Ghana,http://data.humdata.org/dataset/dc4c17cf-59d9-478c-b2b7-acd889241194/resource/978379d0-29a5-4beb-9494-11b63e3b16ac/download/GHA_admbndp2_1m_GAUL.zip
0,99,Democratic People's Republic of Korea,http://data.humdata.org/dataset/778f0310-3ed5-451a-8b0f-e220e4d3fb5a/resource/bfd3e689-0580-4f81-8a67-5e3cf486811e/download/DPRK_adm0_polygon_wfp_edit.zip
0,99,Democratic People's Republic of Korea,http://data.humdata.org/dataset/a5a07b2f-1f2b-45a1-9273-005c246d2a7f/resource/808ad1f8-c9f2-4e77-964c-0b9f6c5d6abf/download/DPRK_adm1_polygon_wfp_edit.zip
0,99,Democratic People's Republic of Korea,http://data.humdata.org/dataset/5b168494-ec64-4553-a628-7439244bb346/resource/25fcba7a-aaa3-4df7-b005-64a73e4f6b35/download/DPRK_adm2_polygon_wfp_edit.zip
0,99,Ecuador,http://data.humdata.org/dataset/ab3c7592-3b0c-41cd-999a-2919a6b243f2/resource/b383afb5-7391-4f91-9986-e42d9897ece1/download/administrative_boundaries_2-ec.zip
0,99,Ecuador,http://data.humdata.org/dataset/2b50f5e6-d4c4-4ad7-90d6-85206f3a2bab/resource/d3794971-8fb1-4f24-80f8-1405198021c9/download/administrative_boundaries_0-ec.zip
0,99,Mongolia,http://data.humdata.org/dataset/e5c5e3d5-ee9d-4fd1-b7ad-cf64e44b3127/resource/b4662d73-6dde-4948-8c50-69e90216784a/download/Mongolia_admin_level_1_polygon.zip
0,99,Mongolia,http://data.humdata.org/dataset/e5c5e3d5-ee9d-4fd1-b7ad-cf64e44b3127/resource/42ae3194-4851-41b1-a187-d358825ef561/download/Mongolia_admin_level_1_polyline.zip
0,99,Mongolia,http://data.humdata.org/dataset/185c483d-6263-4d33-87bd-3b42a48dcf7e/resource/86174069-1725-44d0-a414-bdc7b4425042/download/Mongolia_admin_level_0.zip
0,99,Liberia,http://data.humdata.org/dataset/bbb2f45c-3d7a-4ad3-afc5-459303dbc8f4/resource/f14825ae-708e-4709-a745-425a1ea0adc1/download/lbr_districts_codes.zip
0,99,Guinea,http://data.humdata.org/dataset/33b573c5-42c5-43ef-b908-c84af369ca88/resource/862da72f-6630-4a34-af3b-e7cfe2a20df1/download/guinea_admin3.zip
0,99,Pakistan,http://data.humdata.org/dataset/4cb4dfb9-c10b-4213-bddf-2633567e9a06/resource/73686a20-11b8-47a1-83d9-3d35b12b0719/download/Pak_adm0_gaul.zip
0,99,Pakistan,http://data.humdata.org/dataset/4cb4dfb9-c10b-4213-bddf-2633567e9a06/resource/6e3a6234-621c-4d18-9cb2-ee3cf17a5aba/download/Pak_adm0_gaul_neighbouring.zip
0,99,Malawi,http://data.humdata.org/dataset/ee4b94af-ac99-45d8-9b6d-d4d9dd68c7fc/resource/69aef719-86aa-4a3b-935a-cc35a6805202/download/mwi_popa_adm3_tradauth_geonode_nso2008_ocha.zip
0,99,Liberia,http://data.humdata.org/dataset/42eeead9-a1b5-4303-90dc-19a8a15e985b/resource/e82ac3ab-e6a1-454b-8a14-091e3d316e39/download/lbr_adm1-health_codes.zip
0,99,Papua New Guinea,http://data.humdata.org/dataset/2ae8b5d6-a23a-448a-b68a-cba505a75371/resource/2d447912-198f-41cc-a3ca-a2daeb31a5f9/download/PNG_polbnd_adm2_2015_nso.zip
0,99,Papua New Guinea,http://data.humdata.org/dataset/42226b95-546b-4518-8f32-6548b4f11f49/resource/b0fd08ce-5f3e-4579-b215-374c68e2152f/download/PNG_polbnd_adm1_2015_nso.zip
0,99,Pakistan,http://data.humdata.org/dataset/e8b7a131-7b21-473c-ac93-366318a5c1ab/resource/7d84a103-d25f-4cf7-9898-0516f6077bbf/download/Pak_adm1_pco_20110324.zip
0,99,Pakistan,http://data.humdata.org/dataset/bbd5c699-ea35-4635-b80a-d58636320a47/resource/eaee9a41-521d-4083-a580-92dbc2220b82/download/pak_adm3_pco_20150528.zip
0,99,Pakistan,http://data.humdata.org/dataset/44c2b2a4-b1cb-49d3-8299-0e544f1cab52/resource/19a7b974-cd62-4514-ae07-405369fccdd6/download/pak_adm2_pco_20150528.zip
0,99,Pakistan,http://data.humdata.org/dataset/198064b8-100c-4a21-8d0f-fadf6d5dbcb2/resource/b6197814-3b01-4c46-a3b5-0d49aef4ae31/download/pak_adm4_2010floodaffected_pco_20150826.zip
0,99,Mexico,http://data.humdata.org/dataset/a032c739-d00a-4a91-847f-5f4870b18a27/resource/c8026b04-3311-40d7-a608-fe79b2948100/download/MEX_adm1.zip
0,99,Mexico,http://data.humdata.org/dataset/a032c739-d00a-4a91-847f-5f4870b18a27/resource/5c04e8f6-1e37-47cd-a114-cce380ff894e/download/MEX_adm2.zip
0,99,Mexico,http://data.humdata.org/dataset/a032c739-d00a-4a91-847f-5f4870b18a27/resource/3b98c1f7-2dc0-404b-bce7-38c79f3637b0/download/MEX_adm0.zip
0,99,Jamaica,http://data.humdata.org/dataset/21ef604e-39ba-4a2a-9675-08acb24298d1/resource/c093b0ad-3854-4614-b32d-19b14dde72e5/download/Administrative_Boundaries_Level_1.zip
0,99,Dominican Republic,http://data.humdata.org/dataset/c436cdf1-0f68-4eba-bc01-a5eab9a4fbe9/resource/36078091-cb27-484a-953d-0137c5ec42a3/download/Admin_Boundaries_Level_3.zip
0,99,Dominican Republic,http://data.humdata.org/dataset/75f3afc3-a0c9-44c3-93c4-ac3a251c58c9/resource/4476e70e-90ff-4cce-b02d-edf97f343c0a/download/Admin_Boundaries_Level_4.zip
0,99,Bolivia (Plurinational State of),http://data.humdata.org/dataset/46e586ce-c00c-4e50-b212-284a02624fee/resource/75a24ab6-cd5e-431f-916b-a6b77626345b/download/administrative_boundaries_-_level_3_limite_provincial.zip
0,99,Bolivia (Plurinational State of),http://data.humdata.org/dataset/49ec2461-90ce-491f-a9c3-2f12e3a555bd/resource/5dd659d8-7dec-406c-a009-38fc3b54ed48/download/administrative_boundaries-level_1_0.zip
0,99,Bolivia (Plurinational State of),http://data.humdata.org/dataset/100576f3-af09-4f72-833f-97dc6c92fbf8/resource/5bf9800d-4458-4d3a-b93e-b8b8632a5613/download/administrative_boundaries_-_level_4_limite_municipal.zip
0,99,Bolivia (Plurinational State of),http://data.humdata.org/dataset/7c1b668e-aa53-4d20-81df-9945a892a05a/resource/06e6c2a7-b31c-4e6c-8e23-28e7636adf12/download/administrative_boundaries_-_level_1_limite_departamental.zip
0,99,Zimbabwe,http://data.humdata.org/dataset/125ad988-4027-4eac-afe2-65937cd95774/resource/028d3211-dde2-474a-9e3b-26213a8fc9e2/download/zwe_polbnda_adm3_250k_cso_0.zip
0,99,Zimbabwe,http://data.humdata.org/dataset/bdb183f1-c0e5-4cfd-afe2-5b5cb21e8826/resource/29cb3d94-917b-4aa0-994c-c895603aade4/download/zwe_polbnda_adm2_250k_cso.zip
0,99,Zimbabwe,http://data.humdata.org/dataset/07040991-cbd9-47ef-9d2e-8e6262d6c04c/resource/59c2a3bc-3d87-467c-9ea8-0876a1fdd023/download/zwe_polbnda_adm1_250k_cso.zip
0,99,United Republic of Tanzania,http://data.humdata.org/dataset/8cecc163-ee0b-46d3-ab2d-ce674af9437a/resource/b045d730-4cdf-454f-afa5-6c51802ee996/download/_TZwards.zip
0,99,South Africa,http://data.humdata.org/dataset/061d4492-56e8-458c-a3fb-e7950991adf0/resource/6f571def-1278-4cee-9461-55616a1ef163/download/zaf_polbnda_adm1_provinces_SAMDB.zip
0,99,Namibia,http://data.humdata.org/dataset/50fda5c8-bc93-48e7-b542-f123b2038350/resource/cd8ccf64-a2d4-4f20-8a1b-35e7168b9e8c/download/nam_polbna_adm1_regions_NamAtlas_OCHA_ROSA.zip
0,99,Malawi,http://data.humdata.org/dataset/58757fd0-c40d-43bd-8e2b-d93356bf275c/resource/bbc39fb7-2105-4e25-8707-c262b45f44e6/download/mwi_popa_adm1_regions_nso2008_ocha.zip
0,99,Malawi,http://data.humdata.org/dataset/7c60c897-39a2-411a-ab10-5193263d951d/resource/abb4842a-4da2-4426-b797-c482363cbb02/download/mwi_popa_adm2_district_geonode_nso2008_ocha.zip
0,99,Mozambique,http://data.humdata.org/dataset/bd967796-fa5b-4633-929e-25ecec459f78/resource/8953ba0d-2ff4-4755-9089-beafc37776dd/download/moz_polbnda_adm1_provinces_WFP_OCHA_ROSA.zip
0,99,Papua New Guinea,http://data.humdata.org/dataset/f260301d-c32f-4e9e-a7d6-05bde2f70b6b/resource/7f8051bc-cff3-4271-a309-8d47b1562ed5/download/PNG_polbnd_adm0_2015_nso.zip
0,99,Papua New Guinea,http://data.humdata.org/dataset/78ed6e76-e76f-4b52-a1ac-8529b1585e88/resource/bbf8ae58-6da0-4cf0-b462-ee0e5c77ad33/download/png_polbnda_adm2_2000_nso.zip
0,99,Papua New Guinea,http://data.humdata.org/dataset/a2f3ba35-459b-400e-a394-3f5639672d5f/resource/ad705979-2d76-4b73-8865-596bd3846098/download/PNG_polbnd_adm3_2015_nso.zip
0,99,Papua New Guinea,http://data.humdata.org/dataset/966a6b3e-ac97-4c93-b6d1-e79652a3c2d7/resource/631b28af-3755-482d-ae0b-dbf45c488d8d/download/png_polbnda_adm1_2000_nso.zip
0,99,Bhutan,http://data.humdata.org/dataset/fc1ab95e-a63e-4f6d-a1b7-259a97166314/resource/99ea2610-d165-4007-90c7-dcc6ce0ea5ad/download/btn_polbnda_adm2_bgp_edit.zip
0,99,Bhutan,http://data.humdata.org/dataset/713a6158-fbe9-414b-b58f-a2d5932f2b37/resource/7c6d64b0-d3e6-4b1a-87b6-d30361aaa3f0/download/btn_polbnda_adm1_bgp_edit.zip
0,99,Bhutan,http://data.humdata.org/dataset/0867f4eb-e817-4a42-bd5f-6ae5516a10df/resource/cc00bf57-849c-47ba-bbbe-fbcc2fb4c717/download/btn_polbnda_adm0_bgp_edit.zip
0,99,Cambodia,http://data.humdata.org/dataset/7472f7e0-3deb-44d9-bd36-38237c666a2e/resource/f43d0c2d-3988-4b90-9d3e-ce0f1b2f9e72/download/khm_admbndl_adm0_gov.zip
0,99,Cambodia,http://data.humdata.org/dataset/a477b3fa-7ad0-4da6-883b-85ba87c753aa/resource/a320ae8e-0e45-4aa8-8b77-0c1875394fa9/download/khm_admbnda_adm1_gov.zip
0,99,Cambodia,http://data.humdata.org/dataset/07495997-5701-466e-826c-b5de6851f1e3/resource/1a1f9951-5782-429e-9ede-21d52b971b70/download/khm_admbnda_adm3_gov.zip
0,99,Cambodia,http://data.humdata.org/dataset/12c067f1-f15d-4c69-b57d-a0858e68e787/resource/f80ea9ef-69fd-4fbe-83f3-6cfc5011713f/download/khm_admbnda_adm2_gov.zip
0,99,Viet Nam,http://data.humdata.org/dataset/48fc09c8-a831-4e7b-a847-74e37f1d66a5/resource/2502f188-9657-405e-a807-bf7a8531182d/download/vnm_polbnda_adm1_2014_pdc.zip
0,99,Viet Nam,http://data.humdata.org/dataset/f72bb37c-2303-4c72-ab85-fedd80368b4c/resource/04afef02-cff7-4eea-8033-eed86e8ab11c/download/vnm_polbnda_adm3_2014_pdc.zip
0,99,Viet Nam,http://data.humdata.org/dataset/d0c1f725-ecb2-47f7-88e4-42b255564edb/resource/16d9ea15-5246-4dad-b46d-9bc858f8dcaf/download/vnm_polbnda_adm2_2014_pdc.zip
0,99,Cape Verde,http://data.humdata.org/dataset/ce7df560-f77b-4f55-9175-4719ea21f50b/resource/fc712173-8379-4c12-9c0c-6ce4a13224b4/download/cpv_admbndp0_1m_salb.zip
0,99,Cape Verde,http://data.humdata.org/dataset/ce7df560-f77b-4f55-9175-4719ea21f50b/resource/2494e815-d67f-4eb1-92b9-6a108960baec/download/CPVConcelhossalb.zip
0,99,Sao Tome And Principe,http://data.humdata.org/dataset/9746c0f7-9ed3-4a3f-890e-88bc19166770/resource/93b95d0e-7c77-4f48-afa4-21de1adda741/download/STP_adm1_gadm.zip
0,99,Sao Tome And Principe,http://data.humdata.org/dataset/9746c0f7-9ed3-4a3f-890e-88bc19166770/resource/48d873bf-3759-4399-8d16-b4de0adf608f/download/STPadm2gadm.zip
0,99,Equatorial Guinea,http://data.humdata.org/dataset/0c1a3093-c97d-48a2-a992-e652ebcbf05c/resource/51eb2e22-c51e-4d39-a131-3a86b5b6d55b/download/gnq_admbndp0_1m_gaul.shp_.zip
0,99,Equatorial Guinea,http://data.humdata.org/dataset/0c1a3093-c97d-48a2-a992-e652ebcbf05c/resource/11f4484b-1662-4c8c-83d8-71383a619558/download/gnqadm1gaul.zip
0,99,Gabon,http://data.humdata.org/dataset/d8d992f3-5374-448f-a3d5-bed7c1925a11/resource/06f92c77-6f35-42e8-84cc-37d7674c4ad8/download/gab_admbndp0_1m_salb.zip
0,99,Gabon,http://data.humdata.org/dataset/d8d992f3-5374-448f-a3d5-bed7c1925a11/resource/2c7a6d25-4473-458f-87b9-1df0367564ab/download/gabadmbndp11msalb.zip
0,99,Gabon,http://data.humdata.org/dataset/d8d992f3-5374-448f-a3d5-bed7c1925a11/resource/46463ad7-36e0-401d-9608-ef4d360c32fe/download/gabadmbndp21msalb.shp.zip
0,99,Uganda,http://data.humdata.org/dataset/5ebd6596-f066-450a-94eb-d4024aaebeee/resource/db160bd8-08e6-42ce-adbb-2bbd234bd611/download/uganda_parish2006_point.zip
0,99,Uganda,http://data.humdata.org/dataset/2595da7b-a3b9-4a35-a288-24e1c0a7b323/resource/e6a5e655-fe43-4393-b23a-bcef566acf3c/download/uganda_parish2010.zip
0,99,Djibouti,http://data.humdata.org/dataset/48456bbc-e7f0-428f-a41d-753ef0f66e43/resource/2bc35d7a-5c7a-43f4-9718-8b0abfc58fad/download/djiadmin11996fews.zip
0,99,Djibouti,http://data.humdata.org/dataset/7545b743-379d-44a4-88f3-cdac02019422/resource/bac7f725-9683-4228-903e-b4ad9608bf2d/download/djiadmin31996fews.zip
0,99,Djibouti,http://data.humdata.org/dataset/43b4fc00-3192-48b3-b0f3-765d0325670e/resource/0877365f-7da1-475c-9b99-4d397bfb5e63/download/djiadmin21996fews.zip
0,99,Eritrea,http://data.humdata.org/dataset/99960eda-9c9d-47d6-b1dc-4de73439d283/resource/a643724d-5e99-4a44-8423-2ec4d5a91501/download/eriadmin2.zip
0,99,Eritrea,http://data.humdata.org/dataset/2025e742-8b5a-4f72-aac5-a28e96ce3cb8/resource/45277d47-3a55-4939-8b5a-12713b25a743/download/eriadmin1.zip
0,99,Rwanda,http://data.humdata.org/dataset/82a51550-f7c3-4f25-9ccc-7af1aeb89425/resource/d2708930-d91c-408e-ac3b-3d273a75dc4d/download/rwaadmin32006nisr.zip
0,99,Rwanda,http://data.humdata.org/dataset/de16a690-8b56-4ad4-ad30-2d491fceac0a/resource/f2129555-fbcf-40ba-a275-5271d6c40a6a/download/rwaadmin22006nisr.zip
0,5,Nepal,http://data.humdata.org/dataset/b01957fd-00ed-4763-9437-7ef1ee4f347d/resource/113b54cb-bcea-4e0a-8bd9-9c15aefcff95/download/npl-polbnda-adm5-wad-25k-50k-sdn-wgs84-shp.zip
0,99,Nepal,http://data.humdata.org/dataset/4ce820eb-2eb0-4c11-9cb8-587b042ce271/resource/50aea0ef-c0ca-41ee-b3fc-8a0eb0c6bfab/download/npl-polbnda-int-25k-50k-sdn-wgs84-shp.zip
0,99,Nepal,http://data.humdata.org/dataset/2090ad5d-ef14-4484-87d5-41c4ba84b392/resource/9d2810a9-4876-4e5b-8c6b-6699c2e9abac/download/sdp-admn-ad4-py-s0-surveydept-pp-vdc-municiplaity-merged.zip
0,99,Nepal,http://data.humdata.org/dataset/2090ad5d-ef14-4484-87d5-41c4ba84b392/resource/49df1984-61f4-4106-80b6-0a9f11a36f1e/download/npl-polbnda-adm4-vdc-25k-50k-sdn-wgs84-shp.zip
0,99,Nepal,http://data.humdata.org/dataset/4dda502e-d891-479c-b044-24b90f41d9c1/resource/8db0ea32-f0c5-4958-9ef0-68d4260ba308/download/npl-polbnda-adm2-zon-25k-50k-sdn-wgs84-shp.zip
0,99,Nepal,http://data.humdata.org/dataset/029d6ddd-df26-4f00-8d10-b95c66a5c247/resource/aad689cc-4f3b-45f1-b807-f54cc53870f2/download/npl-polbnda-adm1-reg-25k-50k-sdn-wgs84-shp.zip
